employee_id,indicator,typical_value,std_deviation,sample_size,last_updated
EMP1001,avg_login_hour,9.18,0.35,216,2026-09-16 06:45:37.794000
EMP1001,resource_access_freq,6.97,2.68,418,2026-09-16 06:45:37.839000
EMP1001,device_usage,0.94,0.06,230,2026-09-16 06:45:37.878000
EMP1001,app_usage_freq,5.08,2.18,300,2026-09-16 06:45:37.923000
EMP1001,avg_data_transfer_mb,16.94,8.82,385,2026-09-16 06:45:37.966000
EMP1001,communication_patterns,2.19,1.27,116,2026-09-16 06:45:37.987000
EMP1002,avg_login_hour,8.98,0.37,244,2026-09-16 06:39:19.904000
EMP1002,resource_access_freq,6.6,2.83,396,2026-09-16 06:39:19.916000
EMP1002,device_usage,0.95,0.05,257,2026-09-16 06:39:19.930000
EMP1002,app_usage_freq,4.78,2.08,282,2026-09-16 06:39:19.940000
EMP1002,avg_data_transfer_mb,10.55,5.98,361,2026-09-16 06:39:19.956000
EMP1002,communication_patterns,2.27,1.03,109,2026-09-16 06:39:19.969000
EMP1003,avg_login_hour,8.49,0.28,225,2026-09-16 06:39:19.980000
EMP1003,resource_access_freq,7.0,2.89,420,2026-09-16 06:39:20.057000
EMP1003,device_usage,0.93,0.07,241,2026-09-16 06:39:20.063000
EMP1003,app_usage_freq,4.88,2.03,288,2026-09-16 06:39:20.070000
EMP1003,avg_data_transfer_mb,29.76,13.59,376,2026-09-16 06:39:20.076000
EMP1003,communication_patterns,2.08,1.07,106,2026-09-16 06:39:20.081000
EMP1004,avg_login_hour,8.77,0.47,201,2026-09-16 06:39:20.086000
EMP1004,resource_access_freq,7.52,2.63,451,2026-09-16 06:39:20.092000
EMP1004,device_usage,0.91,0.09,220,2026-09-16 06:39:20.100000
EMP1004,app_usage_freq,5.88,2.3,353,2026-09-16 06:39:20.110000
EMP1004,avg_data_transfer_mb,38.1,19.23,318,2026-09-16 06:39:20.120000
EMP1004,communication_patterns,2.02,0.97,99,2026-09-16 06:39:20.129000
EMP1005,avg_login_hour,9.72,0.52,239,2026-09-16 06:39:20.140000
EMP1005,resource_access_freq,6.45,2.13,387,2026-09-16 06:39:20.152000
EMP1005,device_usage,0.96,0.04,250,2026-09-16 06:39:20.165000
EMP1005,app_usage_freq,5.0,2.23,295,2026-09-16 06:39:20.176000
EMP1005,avg_data_transfer_mb,49.1,24.71,343,2026-09-16 06:39:20.184000
EMP1005,communication_patterns,2.35,1.38,120,2026-09-16 06:39:20.193000
EMP1006,avg_login_hour,9.09,0.28,225,2026-09-16 06:39:20.199000
EMP1006,resource_access_freq,6.92,2.66,415,2026-09-16 06:39:20.210000
EMP1006,device_usage,0.95,0.05,236,2026-09-16 06:39:20.222000
EMP1006,app_usage_freq,5.05,2.26,303,2026-09-16 06:39:20.232000
EMP1006,avg_data_transfer_mb,12.26,6.78,373,2026-09-16 06:39:20.243000
EMP1006,communication_patterns,2.16,1.18,106,2026-09-16 06:39:20.250000
EMP1007,avg_login_hour,9.17,0.38,195,2026-09-16 06:39:20.259000
EMP1007,resource_access_freq,7.42,2.66,445,2026-09-16 06:39:20.271000
EMP1007,device_usage,0.62,0.38,315,2026-09-16 06:39:20.283000
EMP1007,app_usage_freq,4.12,2.14,243,2026-09-16 06:39:20.293000
EMP1007,avg_data_transfer_mb,1386.83,2496.61,407,2026-09-16 06:39:20.306000
EMP1007,communication_patterns,2.08,1.16,110,2026-09-16 06:39:20.318000
EMP1008,avg_login_hour,8.68,2.4,246,2026-09-16 06:39:20.330000
EMP1008,resource_access_freq,6.35,2.78,381,2026-09-16 06:39:20.359000
EMP1008,device_usage,0.76,0.24,259,2026-09-16 06:39:20.371000
EMP1008,app_usage_freq,4.43,2.05,257,2026-09-16 06:39:20.385000
EMP1008,avg_data_transfer_mb,77.01,193.26,344,2026-09-16 06:39:20.398000
EMP1008,communication_patterns,2.31,1.39,120,2026-09-16 06:39:20.410000
EMP1009,avg_login_hour,10.03,0.68,218,2026-09-16 06:39:20.423000
EMP1009,resource_access_freq,7.03,2.56,422,2026-09-16 06:39:20.451000
EMP1009,device_usage,0.93,0.07,234,2026-09-16 06:39:20.464000
EMP1009,app_usage_freq,5.28,2.09,317,2026-09-16 06:39:20.475000
EMP1009,avg_data_transfer_mb,57.54,34.3,388,2026-09-16 06:39:20.485000
EMP1009,communication_patterns,2.21,0.95,104,2026-09-16 06:39:20.497000
EMP1010,avg_login_hour,9.0,0.34,227,2026-09-16 06:39:20.508000
EMP1010,resource_access_freq,6.95,2.61,417,2026-09-16 06:39:20.520000
EMP1010,device_usage,0.94,0.06,241,2026-09-16 06:39:20.533000
EMP1010,app_usage_freq,4.93,2.02,296,2026-09-16 06:39:20.547000
EMP1010,avg_data_transfer_mb,8.42,5.36,384,2026-09-16 06:39:20.561000
EMP1010,communication_patterns,2.27,1.35,109,2026-09-16 06:39:20.572000
EMP1011,avg_login_hour,9.27,0.45,209,2026-09-16 06:39:20.583000
EMP1011,resource_access_freq,5.87,2.28,352,2026-09-16 06:39:20.596000
EMP1011,device_usage,0.96,0.04,218,2026-09-16 06:39:20.609000
EMP1011,app_usage_freq,5.68,1.87,341,2026-09-16 06:39:20.617000
EMP1011,avg_data_transfer_mb,27.1,13.83,310,2026-09-16 06:39:20.625000
EMP1011,communication_patterns,1.98,1.17,99,2026-09-16 06:39:20.633000
EMP1012,avg_login_hour,9.2,0.4,229,2026-09-16 06:39:20.659000
EMP1012,resource_access_freq,6.87,2.45,412,2026-09-16 06:39:20.704000
EMP1012,device_usage,0.94,0.06,243,2026-09-16 06:39:20.746000
EMP1012,app_usage_freq,4.92,2.35,295,2026-09-16 06:39:20.774000
EMP1012,avg_data_transfer_mb,69.02,37.32,375,2026-09-16 06:39:20.801000
EMP1012,communication_patterns,2.04,1.29,100,2026-09-16 06:39:20.816000
EMP1013,avg_login_hour,9.1,0.37,205,2026-09-16 06:39:20.834000
EMP1013,resource_access_freq,7.63,2.56,450,2026-09-16 06:39:20.863000
EMP1013,device_usage,0.93,0.07,221,2026-09-16 06:39:20.886000
EMP1013,app_usage_freq,4.93,2.31,296,2026-09-16 06:39:20.901000
EMP1013,avg_data_transfer_mb,204.63,444.21,392,2026-09-16 06:39:20.913000
EMP1013,communication_patterns,2.17,1.23,91,2026-09-16 06:39:20.926000
